<?xml version="1.0"?>
<?xml-stylesheet type="text/xsl" href="configuration.xsl"?>
<configuration>
 <property>
        <name>dfs.datanode.data.dir</name>
        <value>file:///root/hdfs/datanode</value>
        <description>DataNode directory</description>
 </property>
 <property>
        <name>dfs.namenode.name.dir</name>
        <value>file:///root/hdfs/namenode</value>
        <description>NameNode directory for namespace and transaction logs storage.</description>
 </property>

  <property>
        <name>dfs.replication</name>
        <value>3</value>
  </property>
  
   <property>
     <name>dfs.permissions</name>
     <value>false</value>
   </property>
   
   <property>
        <name>dfs.datanode.use.datanode.hostname</name>
        <value>false</value>
    </property>
   
    <property>
        <name>dfs.namenode.datanode.registration.ip-hostname-check</name>
        <value>false</value>
    </property> 
</configuration>