<?xml version="1.0"?>
<configuration>
<property>
   <name>yarn.nodemanager.aux-services</name>
   <value>mapreduce_shuffle</value>
</property>
<property>
  <name>yarn.nodemanager.aux-services.mapreduce_shuffle.class</name>
  <value>org.apache.hadoop.mapred.ShuffleHandler</value>
</property>
<property>
  <name>yarn.resourcemanager.resource-tracker.address</name>
  <value>master.kiwenlau.com:8025</value>
</property>
<property>
  <name>yarn.resourcemanager.scheduler.address</name>
  <value>master.kiwenlau.com:8030</value>
</property>
<property>
  <name>yarn.resourcemanager.address</name>
  <value>master.kiwenlau.com:8040</value>
</property>
</configuration>